ticker,market_cap,lookup_status,bucket
0H6G,,no_cap,
0HBH,,no_cap,
0HDY,,no_cap,
0HLQ,,no_cap,
0J4G,,no_cap,
0K7J,,no_cap,
0LDR,,no_cap,
0PT,,no_cap,
0QYK,,no_cap,
0R16,,no_cap,
0R2J,,no_cap,
1FA,,no_cap,
2BH,,no_cap,
2HQ,,no_cap,
35G,,no_cap,
600941,,no_cap,
601888,,no_cap,
603912,,no_cap,
788,,no_cap,
847,,no_cap,
9WY,,no_cap,
A,33875703808.0,success,Large-cap
AA,18570647552.0,success,Large-cap
AAL,8035906560.0,success,Mid-cap
AAP,3431525376.0,success,Mid-cap
AAPL,3915968151552.0,success,Mega-cap
AB,3577864960.0,success,Mid-cap
ABBV,368645439488.0,success,Mega-cap
ABCL,1170199424.0,success,Small-cap
ABG,3908154880.0,success,Mid-cap
ABM,2328113408.0,success,Mid-cap
ABNB,82439168000.0,success,Large-cap
ABT,176479076352.0,success,Large-cap
ABX,860225152.0,success,Small-cap
ACAD,3709962752.0,success,Mid-cap
ACGL,34725912576.0,success,Large-cap
ACHR,4544177152.0,success,Mid-cap
ACI,8530957824.0,success,Mid-cap
ACLS,3622448896.0,success,Mid-cap
ACM,11179587584.0,success,Large-cap
ACN,119394418688.0,success,Large-cap
ADB,,no_cap,
ADI,169865756672.0,success,Large-cap
ADM,32262875136.0,success,Large-cap
ADMA,2536395008.0,success,Mid-cap
ADNT,1621814144.0,success,Small-cap
ADP,79644041216.0,success,Large-cap
ADSK,50735841280.0,success,Large-cap
ADUS,1739822208.0,success,Small-cap
AEO,3236822016.0,success,Mid-cap
AEP,73049489408.0,success,Large-cap
AER,25062002688.0,success,Large-cap
AFL,59214393344.0,success,Large-cap
AFRM,19860056064.0,success,Large-cap
AGCO,8345987584.0,success,Mid-cap
AI,1383172480.0,success,Small-cap
AIG,41363382272.0,success,Large-cap
AIR,4881063936.0,success,Mid-cap
AIT,10733008896.0,success,Large-cap
AJG,57377005568.0,success,Large-cap
AKAM,13306017792.0,success,Large-cap
ALAB,29292212224.0,success,Large-cap
ALB,21853872128.0,success,Large-cap
ALC,40351293440.0,success,Large-cap
ALGN,13358769152.0,success,Large-cap
ALGT,1628230528.0,success,Small-cap
ALK,4876847104.0,success,Mid-cap
ALKS,5536111104.0,success,Mid-cap
ALL-PRI,,no_cap,
ALLY,13056034816.0,success,Large-cap
ALTO,378982592.0,success,Small-cap
AM,10125606912.0,success,Large-cap
AMAG,,no_cap,
AMAT,312888623104.0,success,Mega-cap
AMBA,2502096640.0,success,Mid-cap
AMC,973271360.0,success,Small-cap
AMCR,18759055360.0,success,Large-cap
AMD,420841652224.0,success,Mega-cap
AME,52707954688.0,success,Large-cap
AMGN,187714142208.0,success,Large-cap
AMKR,14799287296.0,success,Large-cap
AMN,748771456.0,success,Small-cap
AMP,43493810176.0,success,Large-cap
AMRC,1354787456.0,success,Small-cap
AMRN,318788576.0,success,Small-cap
AMSC,1796887680.0,success,Small-cap
AMT,82542845952.0,success,Large-cap
AMTX,158779200.0,success,Small-cap
AMZN,2672431464448.0,success,Mega-cap
AN,6796669952.0,success,Mid-cap
ANET,194345467904.0,success,Large-cap
ANF,4193673472.0,success,Mid-cap
ANGI,314136192.0,success,Small-cap
APA,12934454272.0,success,Large-cap
APCB,,no_cap,
APG,19363749888.0,success,Large-cap
APH,180701708288.0,success,Large-cap
APLE,2952931584.0,success,Mid-cap
APP,157024043008.0,success,Large-cap
APPN,1583478144.0,success,Small-cap
APPS,406460800.0,success,Small-cap
APTV,14681999360.0,success,Large-cap
AQB,5764869.0,success,Small-cap
AQN,4920224768.0,success,Mid-cap
AR,11211798528.0,success,Large-cap
ARCB,2435467264.0,success,Mid-cap
ARE,8250830848.0,success,Mid-cap
ARLO,1550472064.0,success,Small-cap
ARLP,3309104128.0,success,Mid-cap
ARM,169218850816.0,success,Large-cap
ARNC34,,no_cap,
ARRY,1167727872.0,success,Small-cap
ARW,8632540160.0,success,Mid-cap
ARWR,9935283200.0,success,Mid-cap
ASAN,1447575424.0,success,Small-cap
ASML,581829853184.0,success,Mega-cap
ASMLF,585277833216.0,success,Mega-cap
ASO,3940198144.0,success,Mid-cap
ASPN,275809248.0,success,Small-cap
ASTL,518388128.0,success,Small-cap
ATAI,1458983936.0,success,Small-cap
ATIW,148273.0,success,Small-cap
ATKR,2284231424.0,success,Mid-cap
ATVI,,no_cap,
AVAV,10041058304.0,success,Large-cap
AVB,23994896384.0,success,Large-cap
AVGDF,1557450.0,success,Small-cap
AVGO,1880958042112.0,success,Mega-cap
AWK,25446950912.0,success,Large-cap
AXON,32334336000.0,success,Large-cap
AXP,225937211392.0,success,Mega-cap
AXSM,9421412352.0,success,Mid-cap
AZEK,,no_cap,
AZN,311932551168.0,success,Mega-cap
BABA,318773264384.0,success,Mega-cap
BAC,389837357056.0,success,Mega-cap
BALL,16703765504.0,success,Large-cap
BBBY,389763744.0,success,Small-cap
BBT,2654451712.0,success,Mid-cap
BBWI,3672705536.0,success,Mid-cap
BBY,13282429952.0,success,Large-cap
BC,5028671488.0,success,Mid-cap
BC0,,no_cap,
BCO,4475242496.0,success,Mid-cap
BDC,4957001728.0,success,Mid-cap
BDX,56344137728.0,success,Large-cap
BEP,22846732288.0,success,Large-cap
BGC,5534638080.0,success,Mid-cap
BGS,444673280.0,success,Small-cap
BHB,578439680.0,success,Small-cap
BHC,2143680896.0,success,Mid-cap
BHP,201881223168.0,success,Mega-cap
BHVN,1559861376.0,success,Small-cap
BIDU,41150160896.0,success,Large-cap
BIIB,26495782912.0,success,Large-cap
BILL,3937159168.0,success,Mid-cap
BIO,7991626752.0,success,Mid-cap
BIPC,5203507200.0,success,Mid-cap
BJ,11867886592.0,success,Large-cap
BKNG,147035602944.0,success,Large-cap
BL,1939921024.0,success,Small-cap
BLBD,2129662336.0,success,Mid-cap
BLDE,,no_cap,
BLDP,923804352.0,success,Small-cap
BLDR,9415809024.0,success,Mid-cap
BLK,163100852224.0,success,Large-cap
BLMN,558326912.0,success,Small-cap
BMBL,719944064.0,success,Small-cap
BMRN,10629711872.0,success,Large-cap
BMY,118196060160.0,success,Large-cap
BNGO,14197760.0,success,Small-cap
BNS,93242138624.0,success,Large-cap
BNTX,25154398208.0,success,Large-cap
BOOT,4814889984.0,success,Mid-cap
BOX,3410254336.0,success,Mid-cap
BP,120445280256.0,success,Large-cap
BRK-B,1022550933504.0,success,Mega-cap
BRKR,6009769472.0,success,Mid-cap
BRO,22944311296.0,success,Large-cap
BROS,8522597888.0,success,Mid-cap
BSET,127911600.0,success,Small-cap
BSX,96021774336.0,success,Large-cap
BSY,10325549056.0,success,Large-cap
BTC,,no_cap,
BTG,6614625792.0,success,Mid-cap
BTU,3415008000.0,success,Mid-cap
BUD,146054627328.0,success,Large-cap
BURL,21312028672.0,success,Large-cap
BWA,10867990528.0,success,Large-cap
BWMN,544356352.0,success,Small-cap
BWXT,21842114560.0,success,Large-cap
BX,159126290432.0,success,Large-cap
BXC,433010464.0,success,Small-cap
BXP,9902796800.0,success,Mid-cap
BXR,,no_cap,
BYD,6490820096.0,success,Mid-cap
BYND,348181088.0,success,Small-cap
BZUN,155722848.0,success,Small-cap
C,230367821824.0,success,Mega-cap
C1PB34,,no_cap,
CABA,378497088.0,success,Small-cap
CACI,11742564352.0,success,Large-cap
CADE-PA,,no_cap,
CAH,49846992896.0,success,Large-cap
CAKE,3064838400.0,success,Mid-cap
CAMT,8357802496.0,success,Mid-cap
CAO,,no_cap,
CAR,13980449792.0,success,Large-cap
CARG,3422952192.0,success,Mid-cap
CARR,48938659840.0,success,Large-cap
CASY,27312027648.0,success,Large-cap
CAT,360423817216.0,success,Mega-cap
CAVA,10292450304.0,success,Large-cap
CB,127995691008.0,success,Large-cap
CBOE,31945345024.0,success,Large-cap
CBRE,43529981952.0,success,Large-cap
CBRL,655555520.0,success,Small-cap
CBT,3828888064.0,success,Mid-cap
CBU,3255175680.0,success,Mid-cap
CC,3457062400.0,success,Mid-cap
CCI,37366136832.0,success,Large-cap
CCJ,51876335616.0,success,Large-cap
CCK,11876240384.0,success,Large-cap
CCL,39919722496.0,success,Large-cap
CCLHF,543526848.0,success,Small-cap
CDK,,no_cap,
CDNA,903671488.0,success,Small-cap
CDNS,83959595008.0,success,Large-cap
CDRE,1413821952.0,success,Small-cap
CEG,106779107328.0,success,Large-cap
CELH,9066113024.0,success,Mid-cap
CERS,388186976.0,success,Small-cap
CERT,978708352.0,success,Small-cap
CF,18564728832.0,success,Large-cap
CFG,27705352192.0,success,Large-cap
CFLT,11133729792.0,success,Large-cap
CFR,8975286272.0,success,Mid-cap
CG,18802567168.0,success,Large-cap
CGC,516442592.0,success,Small-cap
CGNX,9125637120.0,success,Mid-cap
CHDN,6411369472.0,success,Mid-cap
CHGG,121860584.0,success,Small-cap
CHKP,14039115776.0,success,Large-cap
CHRS,281793024.0,success,Small-cap
CHRW,19937789952.0,success,Large-cap
CHWY,11321112576.0,success,Large-cap
CHXMF,722363520.0,success,Small-cap
CI,71758012416.0,success,Large-cap
CIEN,67302653952.0,success,Large-cap
CL,66984181760.0,success,Large-cap
CLDRX,,no_cap,
CLF,5510030336.0,success,Mid-cap
CLFD,385215712.0,success,Small-cap
CLH,15780785152.0,success,Large-cap
CLNE,506885472.0,success,Small-cap
CLS,43947945984.0,success,Large-cap
CLX,12554220544.0,success,Large-cap
CMA-PB,,no_cap,
CMC,7199000576.0,success,Mid-cap
CMCSA,103122214912.0,success,Large-cap
CME,107717722112.0,success,Large-cap
CMG,46610300928.0,success,Large-cap
CMI,83156312064.0,success,Large-cap
CNC,18490644480.0,success,Large-cap
CNH,13203672064.0,success,Large-cap
CNK,3492393984.0,success,Mid-cap
CNM,10432536576.0,success,Large-cap
CNO,4069968640.0,success,Mid-cap
CNQ,95708790784.0,success,Large-cap
CNX,5602187264.0,success,Mid-cap
COCO,2842121472.0,success,Mid-cap
COF,126239670272.0,success,Large-cap
COHR,57781911552.0,success,Large-cap
COIN,52825923584.0,success,Large-cap
COLD,3471467264.0,success,Mid-cap
COLM,3122322432.0,success,Mid-cap
COO,13714591744.0,success,Large-cap
COOK,106699352.0,success,Small-cap
COP,145360568320.0,success,Large-cap
COST,437100412928.0,success,Mega-cap
COTY,2024014592.0,success,Mid-cap
CPA,4964600320.0,success,Mid-cap
CPRI,2355830016.0,success,Mid-cap
CPRL34,,no_cap,
CPRT,32293070848.0,success,Large-cap
CPRX,3177285120.0,success,Mid-cap
CPT,10617172992.0,success,Large-cap
CQP,29822574592.0,success,Large-cap
CR,10989813760.0,success,Large-cap
CRH,77651615744.0,success,Large-cap
CRL,8909184000.0,success,Mid-cap
CRM,166411206656.0,success,Large-cap
CRNC,376351136.0,success,Small-cap
CRON,1046163456.0,success,Small-cap
CROX,5322393088.0,success,Mid-cap
CRS,21355835392.0,success,Large-cap
CRSP,5448125952.0,success,Mid-cap
CRSR,657040000.0,success,Small-cap
CRUS,8048003072.0,success,Mid-cap
CRWD,104275976192.0,success,Large-cap
CSCO,325412159488.0,success,Mega-cap
CSGP,16660473856.0,success,Large-cap
CSX,78305697792.0,success,Large-cap
CTAS,70599376896.0,success,Large-cap
CTRA,23995543552.0,success,Large-cap
CTSH,29147019264.0,success,Large-cap
CTVA,54689652736.0,success,Large-cap
CURV,215516992.0,success,Small-cap
CVE,47836680192.0,success,Large-cap
CVGI,134856096.0,success,Small-cap
CVI,3180788224.0,success,Mid-cap
CVM,37045896.0,success,Small-cap
CVNA,81898553344.0,success,Large-cap
CVS,96107503616.0,success,Large-cap
CVX,368322019328.0,success,Mega-cap
CWEN,8264165888.0,success,Mid-cap
CWH,435745728.0,success,Small-cap
CX,17221384192.0,success,Large-cap
CXM,1346356096.0,success,Small-cap
CXU,,no_cap,
CYBR,,no_cap,
CYRX,504193856.0,success,Small-cap
CYTK,8051152896.0,success,Mid-cap
D,54829821952.0,success,Large-cap
DAL,47297003520.0,success,Large-cap
DAN,3875013376.0,success,Mid-cap
DAR,9276135424.0,success,Mid-cap
DASH,78168506368.0,success,Large-cap
DATAAX,,no_cap,
DAVA,256426272.0,success,Small-cap
DBRG,3047145984.0,success,Mid-cap
DBX,5653347328.0,success,Mid-cap
DD,18878943232.0,success,Large-cap
DDD,296514656.0,success,Small-cap
DDOG,42837241856.0,success,Large-cap
DE,155754676224.0,success,Large-cap
DECK,15867240448.0,success,Large-cap
DEH,,no_cap,
DELL,117481611264.0,success,Large-cap
DFH,1249406080.0,success,Small-cap
DFIN,1416519680.0,success,Small-cap
DFSV,,no_cap,
DG,26770710528.0,success,Large-cap
DGII,2032883200.0,success,Mid-cap
DGX,21187241984.0,success,Large-cap
DHI,41976553472.0,success,Large-cap
DHR,140223561728.0,success,Large-cap
DIDIY,17926993920.0,success,Large-cap
DIN,361123904.0,success,Small-cap
DIS,182729801728.0,success,Large-cap
DKNG,11719359488.0,success,Large-cap
DKS,19521452032.0,success,Large-cap
DLO,3990429440.0,success,Mid-cap
DLR,68453232640.0,success,Large-cap
DLTH,120215608.0,success,Small-cap
DLTR,20149792768.0,success,Large-cap
DLX,1322379008.0,success,Small-cap
DMBS,,no_cap,
DOC,11958414336.0,success,Large-cap
DOCN,8077499392.0,success,Mid-cap
DOCS,4499683328.0,success,Mid-cap
DOCU,9107004416.0,success,Mid-cap
DOMO,133337192.0,success,Small-cap
DORM,3221157632.0,success,Mid-cap
DOUG,158097760.0,success,Small-cap
DOV,29058363392.0,success,Large-cap
DOW,27950016512.0,success,Large-cap
DPZ,12377788416.0,success,Large-cap
DRI,22991003648.0,success,Large-cap
DRS,12314377216.0,success,Large-cap
DRVN,2101724928.0,success,Mid-cap
DT,10687759360.0,success,Large-cap
DUKB,,no_cap,
DUOL,4637749760.0,success,Mid-cap
DVA,9664360448.0,success,Mid-cap
DVAX,,no_cap,
DVN,28108417024.0,success,Large-cap
DXCM,24001601536.0,success,Large-cap
DY,11838177280.0,success,Large-cap
EA,50861563904.0,success,Large-cap
EADSY,161263681536.0,success,Large-cap
EAT,6985920000.0,success,Mid-cap
EB,452958144.0,success,Small-cap
EBAY,45204520960.0,success,Large-cap
EBS,448335616.0,success,Small-cap
ECL,76358918144.0,success,Large-cap
ED,40629493760.0,success,Large-cap
EDIT,329828640.0,success,Small-cap
EE,3853179648.0,success,Mid-cap
EFX,22540576768.0,success,Large-cap
EHTH,49716804.0,success,Small-cap
EL,27708291072.0,success,Large-cap
ELAN,11600583680.0,success,Large-cap
ELF,4166224640.0,success,Mid-cap
EME,35975639040.0,success,Large-cap
EMN,8318956032.0,success,Mid-cap
EMR,78947205120.0,success,Large-cap
ENB,114824282112.0,success,Large-cap
ENPH,4240807424.0,success,Mid-cap
ENR,1321355776.0,success,Small-cap
ENSG,11561292800.0,success,Large-cap
ENTG,20857335808.0,success,Large-cap
EOG,71026106368.0,success,Large-cap
EOLS,301227776.0,success,Small-cap
EPAM,6952654336.0,success,Mid-cap
EPC,1039911616.0,success,Small-cap
EPD,80201318400.0,success,Large-cap
EPR,4314198528.0,success,Mid-cap
EPSN,181439872.0,success,Small-cap
EQH,11818350592.0,success,Large-cap
EQIX,103848558592.0,success,Large-cap
EQT,35433791488.0,success,Large-cap
ERIC,39566856192.0,success,Large-cap
ESI,9142134784.0,success,Mid-cap
ET,64368283648.0,success,Large-cap
ETH,,no_cap,
ETN,153441304576.0,success,Large-cap
ETON,735862720.0,success,Small-cap
ETR,52623949824.0,success,Large-cap
ETSY,5717051904.0,success,Mid-cap
EVER,557379200.0,success,Small-cap
EVGO,645974784.0,success,Small-cap
EVLO,1898.0,success,Small-cap
EVLV,1140670720.0,success,Small-cap
EVRG,18777368576.0,success,Large-cap
EW,45418557440.0,success,Large-cap
EXAS,20026083328.0,success,Large-cap
EXC,48989626368.0,success,Large-cap
EXEL,11872006144.0,success,Large-cap
EXK,2916188416.0,success,Mid-cap
EXP,6319790080.0,success,Mid-cap
EXPD,19227201536.0,success,Large-cap
EXPE,31545376768.0,success,Large-cap
EXPI,1006562432.0,success,Small-cap
EXTR,2329576448.0,success,Mid-cap
EZU,10322001920.0,success,Large-cap
F,50980855808.0,success,Large-cap
FANG,52287414272.0,success,Large-cap
FCFS,8941579264.0,success,Mid-cap
FCX,98735751168.0,success,Large-cap
FDS,8560654336.0,success,Mid-cap
FDX,87072382976.0,success,Large-cap
FERG,51632898048.0,success,Large-cap
FGEN,,no_cap,
FHN,11544219648.0,success,Large-cap
FICO,24453013504.0,success,Large-cap
FIGS,2560544000.0,success,Mid-cap
FIS,25022547968.0,success,Large-cap
FISV,32776513536.0,success,Large-cap
FITB,45133287424.0,success,Large-cap
FIVE,12335847424.0,success,Large-cap
FIVN,1176022784.0,success,Small-cap
FIX,58162036736.0,success,Large-cap
FIZZ,3171319296.0,success,Mid-cap
FLEX,29002655744.0,success,Large-cap
FLGT,504999328.0,success,Small-cap
FLIR,,no_cap,
FLNG,1666045184.0,success,Small-cap
FLR,7117180928.0,success,Mid-cap
FLT,,no_cap,
FLUT,19470571520.0,success,Large-cap
FLWS,228074256.0,success,Small-cap
FMC,2178284544.0,success,Mid-cap
FMS,12737195008.0,success,Large-cap
FND,5749527552.0,success,Mid-cap
FNKO,220115072.0,success,Small-cap
FNV,49559715840.0,success,Large-cap
FOLD,4540450304.0,success,Mid-cap
FOUR,4904876544.0,success,Mid-cap
FOX,26634016768.0,success,Large-cap
FOXA,27080714240.0,success,Large-cap
FOXF,700274304.0,success,Small-cap
FPI,511682528.0,success,Small-cap
FROG,5194013696.0,success,Mid-cap
FRPT,3374643200.0,success,Mid-cap
FRT,9573954560.0,success,Mid-cap
FSLR,20974387200.0,success,Large-cap
FSLY,3549083904.0,success,Mid-cap
FTI,28866428928.0,success,Large-cap
FTNT,59224137728.0,success,Large-cap
FTV,18856603648.0,success,Large-cap
FULT,4183779584.0,success,Mid-cap
FVRR,382515744.0,success,Small-cap
FWONA,22536206336.0,success,Large-cap
FWONB,20542732288.0,success,Large-cap
FXLV,1072684.0,success,Small-cap
GAP,9595580416.0,success,Mid-cap
GD,91784241152.0,success,Large-cap
GDDY,11126208512.0,success,Large-cap
GDOT,669033728.0,success,Small-cap
GDRX,794772800.0,success,Small-cap
GE,331137712128.0,success,Mega-cap
GEHC,33541890048.0,success,Large-cap
GETY,387018080.0,success,Small-cap
GEV,265734488064.0,success,Mega-cap
GEVO,485764800.0,success,Small-cap
GFL,14077880320.0,success,Large-cap
GFS,26525689856.0,success,Large-cap
GH,11131123712.0,success,Large-cap
GILD,173483048960.0,success,Large-cap
GILT,1389420032.0,success,Small-cap
GIS,18406666240.0,success,Large-cap
GLAXF,118239576064.0,success,Large-cap
GLD,114651734016.0,success,Large-cap
GLDD,1135273600.0,success,Small-cap
GLW,144546430976.0,success,Large-cap
GM,72557953024.0,success,Large-cap
GMBL,217736.0,success,Small-cap
GME,11115220992.0,success,Large-cap
GNRC,11995023360.0,success,Large-cap
GNTX,4672077312.0,success,Mid-cap
GO,709646848.0,success,Small-cap
GOGO,637045440.0,success,Small-cap
GOLD,1265903488.0,success,Small-cap
GOLF,5653192192.0,success,Mid-cap
GOOG,4046083850240.0,success,Mega-cap
GOOGL,4078140653568.0,success,Mega-cap
GOOS,1116005888.0,success,Small-cap
GPC,15364645888.0,success,Large-cap
GPI,3967871488.0,success,Mid-cap
GPN,19640674304.0,success,Large-cap
GPRK,591163968.0,success,Small-cap
GPRO,183861904.0,success,Small-cap
GRAB,16073888768.0,success,Large-cap
GRMN,51169103872.0,success,Large-cap
GRPN,526552064.0,success,Small-cap
GRWG,66099996.0,success,Small-cap
GS,266926292992.0,success,Mega-cap
GSK,115502366720.0,success,Large-cap
GT,1928261120.0,success,Small-cap
GTBIF,1701162496.0,success,Small-cap
GTLB,3702072320.0,success,Mid-cap
GTLS,9955564544.0,success,Mid-cap
GTM,1877562112.0,success,Small-cap
GTN,648271616.0,success,Small-cap
GTT,,no_cap,
GWRE,11611069440.0,success,Large-cap
GXO,6396428800.0,success,Mid-cap
HAE,2899859200.0,success,Mid-cap
HAIN,78899800.0,success,Small-cap
HAL,31441565696.0,success,Large-cap
HAS,13214613504.0,success,Large-cap
HASI,5165718528.0,success,Mid-cap
HAYW,3186573056.0,success,Mid-cap
HB1,,no_cap,
HBAN,33958785024.0,success,Large-cap
HBIO,25669222.0,success,Small-cap
HCAT,90511008.0,success,Small-cap
HD,337563746304.0,success,Mega-cap
HEI,40789598208.0,success,Large-cap
HI,,no_cap,
HIG,38276022272.0,success,Large-cap
HII,15677234176.0,success,Large-cap
HIMS,5536632832.0,success,Mid-cap
HJ1,,no_cap,
HL,12821220352.0,success,Large-cap
HLI,11156713472.0,success,Large-cap
HLLY,371528256.0,success,Small-cap
HLN,43016372224.0,success,Large-cap
HLT,75416305664.0,success,Large-cap
HOG,2700723200.0,success,Mid-cap
HOLX,16968846336.0,success,Large-cap
HOMB,5590285824.0,success,Mid-cap
HON,147127926784.0,success,Large-cap
HOOD,78614929408.0,success,Large-cap
HPE,32715266048.0,success,Large-cap
HPK,729086272.0,success,Small-cap
HPQ,17652842496.0,success,Large-cap
HQY,7148453888.0,success,Mid-cap
HR,6291891200.0,success,Mid-cap
HRL,11368871936.0,success,Large-cap
HSIC,8883793920.0,success,Mid-cap
HST,14412167168.0,success,Large-cap
HSY,38894366720.0,success,Large-cap
HTZ,2049085952.0,success,Mid-cap
HUBB,28012974080.0,success,Large-cap
HUBS,11530135552.0,success,Large-cap
HUM,23922622464.0,success,Large-cap
HWC,5473867264.0,success,Mid-cap
HWKN,3074070784.0,success,Mid-cap
HWM,101854814208.0,success,Large-cap
HYFM,4294821.0,success,Small-cap
HYLN,345935296.0,success,Small-cap
IAC,3325500672.0,success,Mid-cap
IBB,12266503168.0,success,Large-cap
IBKR,135488167936.0,success,Large-cap
IBM,229722554368.0,success,Mega-cap
IBN,105067175936.0,success,Large-cap
IBP,7654204928.0,success,Mid-cap
IBRX,8034546688.0,success,Mid-cap
ICE,93742678016.0,success,Large-cap
ICL,6879285760.0,success,Mid-cap
ICLR,9060453376.0,success,Mid-cap
IDCC,9409633280.0,success,Mid-cap
IDXX,46242455552.0,success,Large-cap
IEP,4989349888.0,success,Mid-cap
IESC,10546295808.0,success,Large-cap
IFF,18274304000.0,success,Large-cap
IIPR,1460251520.0,success,Small-cap
ILMN,20222554112.0,success,Large-cap
IMCR,1603992320.0,success,Small-cap
IMUX,144815952.0,success,Small-cap
INCY,19324305408.0,success,Large-cap
INDI,615222272.0,success,Small-cap
INFA,,no_cap,
INFY,57907404800.0,success,Large-cap
INGN,168840560.0,success,Small-cap
INMD,902862208.0,success,Small-cap
INSG,229471680.0,success,Small-cap
INSP,1631079552.0,success,Small-cap
INTC,326064439296.0,success,Mega-cap
INTU,108448972800.0,success,Large-cap
IOT,16753665024.0,success,Large-cap
IOVA,1573693312.0,success,Small-cap
IP,19331540992.0,success,Large-cap
IPGLF,5382142464.0,success,Mid-cap
IPGP,5149231104.0,success,Mid-cap
IR,32948256768.0,success,Large-cap
IRDM,4016754432.0,success,Mid-cap
IRM,33778720768.0,success,Large-cap
IRT,3811287552.0,success,Mid-cap
IRTC,4020528128.0,success,Mid-cap
ISRG,166347276288.0,success,Large-cap
IT,10983835648.0,success,Large-cap
ITA,,no_cap,
ITB,,no_cap,
ITGR,3025782272.0,success,Mid-cap
ITRI,4323397120.0,success,Mid-cap
ITW,76197199872.0,success,Large-cap
IWM,75712061440.0,success,Large-cap
J,15033822208.0,success,Large-cap
JACK,223888992.0,success,Small-cap
JAZZ,12270825472.0,success,Large-cap
JBHT,21345095680.0,success,Large-cap
JBL,32201277440.0,success,Large-cap
JBLU,2094877312.0,success,Mid-cap
JCI,83981606912.0,success,Large-cap
JD,45527486464.0,success,Large-cap
JJSF,1510876032.0,success,Small-cap
JKHY,11102652416.0,success,Large-cap
JNJ,575170609152.0,success,Mega-cap
JOBY,8941321216.0,success,Mid-cap
JOE,3854323456.0,success,Mid-cap
JPM,825103089664.0,success,Mega-cap
JXN,7565762560.0,success,Mid-cap
K,,no_cap,
KAR,,no_cap,
KARO,1607069440.0,success,Small-cap
KBH,3228281856.0,success,Mid-cap
KBR,4653172736.0,success,Mid-cap
KD,3170307840.0,success,Mid-cap
KDP,35325317120.0,success,Large-cap
KEY,23503695872.0,success,Large-cap
KEYS,55786151936.0,success,Large-cap
KGC,40143163392.0,success,Large-cap
KHC,26054221824.0,success,Large-cap
KIM,15834986496.0,success,Large-cap
KKRDP,,no_cap,
KLAC,229688262656.0,success,Mega-cap
KLIC,4178235904.0,success,Mid-cap
KLKLF,25232986.0,success,Small-cap
KMB,32133732352.0,success,Large-cap
KMI,70526763008.0,success,Large-cap
KMPR,1910848640.0,success,Small-cap
KMX,5744280064.0,success,Mid-cap
KNTK,3219254272.0,success,Mid-cap
KO,324145774592.0,success,Mega-cap
KOF,22344318976.0,success,Large-cap
KOS,1530326656.0,success,Small-cap
KPTI,192970800.0,success,Small-cap
KR,42166738944.0,success,Large-cap
KRP,1553655424.0,success,Small-cap
KRRO,197300768.0,success,Small-cap
KTB,4001072384.0,success,Mid-cap
KTOS,13986329600.0,success,Large-cap
KVUE,33214550016.0,success,Large-cap
KW,1509263104.0,success,Small-cap
L,22713208832.0,success,Large-cap
LAD,6415946240.0,success,Mid-cap
LANDM,,no_cap,
LAZ,4669886464.0,success,Mid-cap
LB,5381020672.0,success,Mid-cap
LBYE,10212.0,success,Small-cap
LCID,2710488064.0,success,Mid-cap
LCII,2929679104.0,success,Mid-cap
LDOS,20101492736.0,success,Large-cap
LE,355680768.0,success,Small-cap
LEA,6025914368.0,success,Mid-cap
LECO,13999247360.0,success,Large-cap
LEG,1548172416.0,success,Small-cap
LEN,21782622208.0,success,Large-cap
LEU,3889454080.0,success,Mid-cap
LEVI,8564958720.0,success,Mid-cap
LGIH,908898944.0,success,Small-cap
LH,21978552320.0,success,Large-cap
LHX,66480836608.0,success,Large-cap
LI,18567553024.0,success,Large-cap
LII,16861953024.0,success,Large-cap
LIN,230742474752.0,success,Mega-cap
LION,3093395968.0,success,Mid-cap
LITE,58834313216.0,success,Large-cap
LKQ,7743044608.0,success,Mid-cap
LLY,810018865152.0,success,Mega-cap
LMT,140835389440.0,success,Large-cap
LNG,53969588224.0,success,Large-cap
LNTH,5464712192.0,success,Mid-cap
LOB,1689605760.0,success,Small-cap
LOCO,411299424.0,success,Small-cap
LOGI,14403865600.0,success,Large-cap
LOPE,4754081280.0,success,Mid-cap
LOW,136866553856.0,success,Large-cap
LPG,1522544896.0,success,Small-cap
LPLA,26575132672.0,success,Large-cap
LPRO,198558256.0,success,Small-cap
LPSN,38812604.0,success,Small-cap
LPX,5155513344.0,success,Mid-cap
LRCX,333048905728.0,success,Mega-cap
LSCC,14836645888.0,success,Large-cap
LSPD,1298866944.0,success,Small-cap
LTH,6182223360.0,success,Mid-cap
LTHM,,no_cap,
LULU,19091212288.0,success,Large-cap
LUMN,8849061888.0,success,Mid-cap
LUV,20487960576.0,success,Large-cap
LVS,37801697280.0,success,Large-cap
LW,5995444736.0,success,Mid-cap
LYB,23604117504.0,success,Large-cap
LYFT,5836257792.0,success,Mid-cap
LYV,36586835968.0,success,Large-cap
M,5091661312.0,success,Mid-cap
M2RV34,,no_cap,
M44,,no_cap,
M8V,,no_cap,
MA,464031907840.0,success,Mega-cap
MAA,14883284992.0,success,Large-cap
MANH,7713152512.0,success,Mid-cap
MAPS,67440880.0,success,Small-cap
MAR,96385482752.0,success,Large-cap
MAS,12861859840.0,success,Large-cap
MASI,9341001728.0,success,Mid-cap
MAT,4484647936.0,success,Mid-cap
MATV,506439520.0,success,Small-cap
MBC,1092995200.0,success,Small-cap
MBLY,6495464960.0,success,Mid-cap
MCHP,40309182464.0,success,Large-cap
MCK,106569031680.0,success,Large-cap
MCO,79533907968.0,success,Large-cap
MCTR,,no_cap,
MD,1843369984.0,success,Small-cap
MDB,19864473600.0,success,Large-cap
MDLZ,72617975808.0,success,Large-cap
MDRX,516185984.0,success,Small-cap
MDT,111826378752.0,success,Large-cap
MDXG,576438400.0,success,Small-cap
MED,119693872.0,success,Small-cap
MEDP,14808485888.0,success,Large-cap
MEG,765352512.0,success,Small-cap
MELI,94911209472.0,success,Large-cap
MET,51077279744.0,success,Large-cap
META,1698798895104.0,success,Mega-cap
MGA,15712627712.0,success,Large-cap
MGM,10491707392.0,success,Large-cap
MGNI,1912827904.0,success,Small-cap
MGPI,426955072.0,success,Small-cap
MGTX,916268928.0,success,Small-cap
MGY,5389347840.0,success,Mid-cap
MHK,6384502272.0,success,Mid-cap
MHO,3104236032.0,success,Mid-cap
MITK,682916416.0,success,Small-cap
MKC,14340096000.0,success,Large-cap
MKSI,18109536256.0,success,Large-cap
MKTW,41658148.0,success,Small-cap
MKTX,6372311552.0,success,Mid-cap
MLI,13388952576.0,success,Large-cap
MLM,37208915968.0,success,Large-cap
MMM,79658106880.0,success,Large-cap
MMPCX,,no_cap,
MMYT,4463364096.0,success,Mid-cap
MNDY,3373012224.0,success,Mid-cap
MNKD,855364288.0,success,Small-cap
MNST,73301827584.0,success,Large-cap
MNTK,173324400.0,success,Small-cap
MO,107703672832.0,success,Large-cap
MOD,12557407232.0,success,Large-cap
MOG-A,9959492608.0,success,Mid-cap
MOS,7534399488.0,success,Mid-cap
MOVE,982686400.0,success,Small-cap
MP,10574767104.0,success,Large-cap
MPC,65735897088.0,success,Large-cap
MPLX,55704657920.0,success,Large-cap
MPW,,no_cap,
MPWR,66456653824.0,success,Large-cap
MRK,291495018496.0,success,Mega-cap
MRNA,21518800896.0,success,Large-cap
MRSH,84673331200.0,success,Large-cap
MRTN,1121850624.0,success,Small-cap
MS,304265756672.0,success,Mega-cap
MSA,6432338944.0,success,Mid-cap
MSCI,41149870080.0,success,Large-cap
MSFT,3056342401024.0,success,Mega-cap
MSGS,8058412032.0,success,Mid-cap
MSI,73164488704.0,success,Large-cap
MT,47185555456.0,success,Large-cap
MTB,32240351232.0,success,Large-cap
MTCH,8149143040.0,success,Mid-cap
MTD,26744979456.0,success,Large-cap
MTDR,7092127232.0,success,Mid-cap
MTLS,329742528.0,success,Small-cap
MTN,4587502080.0,success,Mid-cap
MTTRF,428269632.0,success,Small-cap
MTW,466807232.0,success,Small-cap
MTZ,28802136064.0,success,Large-cap
MU,514506096640.0,success,Mega-cap
MUFG,208256172032.0,success,Mega-cap
MWA,4564887552.0,success,Mid-cap
MYGN,490159328.0,success,Small-cap
MYRG,4979505664.0,success,Mid-cap
NCLH,9621124096.0,success,Mid-cap
NCNO,2073504256.0,success,Mid-cap
NDAQ,50561650688.0,success,Large-cap
NEE,190263033856.0,success,Large-cap
NEM,122973298688.0,success,Large-cap
NEO,1129648512.0,success,Small-cap
NEOG,2050480000.0,success,Mid-cap
NET,66922012672.0,success,Large-cap
NF0,,no_cap,
NFG,8503914496.0,success,Mid-cap
NFLX,456893923328.0,success,Mega-cap
NGG,87393058816.0,success,Large-cap
NGL,1631664000.0,success,Small-cap
NGVT,2619010560.0,success,Mid-cap
NI,22668115968.0,success,Large-cap
NICE,6203893248.0,success,Mid-cap
NIOIF,16286835712.0,success,Large-cap
NKE,67291504640.0,success,Large-cap
NKTR,2387412480.0,success,Mid-cap
NMM,2005366784.0,success,Mid-cap
NOC,96382279680.0,success,Large-cap
NOG,2736460288.0,success,Mid-cap
NOK,55769513984.0,success,Large-cap
NOMD,1404869760.0,success,Small-cap
NOV,6859200000.0,success,Mid-cap
NOVAQ,,no_cap,
NOW,98522742784.0,success,Large-cap
NRG,35774767104.0,success,Large-cap
NRWRF,423656640.0,success,Small-cap
NSC,66857336832.0,success,Large-cap
NSP,1058813184.0,success,Small-cap
NSRGY,259894476800.0,success,Mega-cap
NTAP,19871395840.0,success,Large-cap
NTNX,10345500672.0,success,Large-cap
NTR,35400564736.0,success,Large-cap
NTRA,29365297152.0,success,Large-cap
NU,74561593344.0,success,Large-cap
NUE,43186065408.0,success,Large-cap
NVAX,1415913344.0,success,Small-cap
NVCR,1384877824.0,success,Small-cap
NVDA,4833535328256.0,success,Mega-cap
NVGS,1314796416.0,success,Small-cap
NVO,181695725568.0,success,Large-cap
NVS,293551439872.0,success,Mega-cap
NXPI,52911353856.0,success,Large-cap
NXST,5962180608.0,success,Mid-cap
NXT,16560360448.0,success,Large-cap
NYT,13131464704.0,success,Large-cap
O,59639541760.0,success,Large-cap
OBE,642607232.0,success,Small-cap
OC,9581914112.0,success,Mid-cap
OCSL,1124852096.0,success,Small-cap
ODD,867901312.0,success,Small-cap
ODFL,42904907776.0,success,Large-cap
OGN,2397507072.0,success,Mid-cap
OGS,5561339904.0,success,Mid-cap
OHI,14165261312.0,success,Large-cap
OKE,52985573376.0,success,Large-cap
OKTA,11936455680.0,success,Large-cap
OLED,4687665664.0,success,Mid-cap
OLLI,5840698880.0,success,Mid-cap
OLN,3160671488.0,success,Mid-cap
OMC,24047964160.0,success,Large-cap
OMI,,no_cap,
ON,28538908672.0,success,Large-cap
ONON,11727243264.0,success,Large-cap
OPEN,4619129344.0,success,Mid-cap
OPK,905887488.0,success,Small-cap
OPY,1221697792.0,success,Small-cap
ORA,6993102336.0,success,Mid-cap
ORCL,488381382656.0,success,Mega-cap
ORGN,11826581.0,success,Small-cap
ORI,10131461120.0,success,Large-cap
ORMP,154504400.0,success,Small-cap
OSCR,4641891328.0,success,Mid-cap
OSK,8784041984.0,success,Mid-cap
OTIS,31566983168.0,success,Large-cap
OTTR,3607164160.0,success,Mid-cap
OUT,5117778432.0,success,Mid-cap
OWL,15479142400.0,success,Large-cap
OXY,55366344704.0,success,Large-cap
OZK,5356711424.0,success,Mid-cap
PAA,15211262976.0,success,Large-cap
PANW,133913763840.0,success,Large-cap
PAR,546061312.0,success,Small-cap
PARAX,,no_cap,
PARR,3077081600.0,success,Mid-cap
PATH,5673694208.0,success,Mid-cap
PAYC,6710573056.0,success,Mid-cap
PAYX,32339335168.0,success,Large-cap
PBA,25162326016.0,success,Large-cap
PBF,4760397824.0,success,Mid-cap
PBFS,351330240.0,success,Small-cap
PBR,132367294464.0,success,Large-cap
PCAR,64937447424.0,success,Large-cap
PCG,38296608768.0,success,Large-cap
PCT,1209052160.0,success,Small-cap
PDD,144761356288.0,success,Large-cap
PEG,40401522688.0,success,Large-cap
PEGA,7255648768.0,success,Mid-cap
PEP,211670810624.0,success,Mega-cap
PERI,425419744.0,success,Small-cap
PETQ,,no_cap,
PETS,50291164.0,success,Small-cap
PFE,154666418176.0,success,Large-cap
PFG,20529950720.0,success,Large-cap
PFPT,,no_cap,
PG,335040839680.0,success,Mega-cap
PGNY,1424279808.0,success,Small-cap
PGR,117712068608.0,success,Large-cap
PGTIX,,no_cap,
PH,121642442752.0,success,Large-cap
PHM,23214544896.0,success,Large-cap
PIG,,no_cap,
PII,2714349312.0,success,Mid-cap
PINS,12989422592.0,success,Large-cap
PIPR,6314845696.0,success,Mid-cap
PKG,18473418752.0,success,Large-cap
PLAY,473845472.0,success,Small-cap
PLCE,73748848.0,success,Small-cap
PLD,130297880576.0,success,Large-cap
PLNT,5778612224.0,success,Mid-cap
PLTR,339976683520.0,success,Mega-cap
PLUG,4084288512.0,success,Mid-cap
PN1,,no_cap,
PNC,89572540416.0,success,Large-cap
PNGAY,160352927744.0,success,Large-cap
PNR,14421874688.0,success,Large-cap
PNRZX,,no_cap,
POOL,8335752192.0,success,Mid-cap
POSH,,no_cap,
POST,5183665664.0,success,Mid-cap
POWL,8368339456.0,success,Mid-cap
PPC,8003693568.0,success,Mid-cap
PPG,24107591680.0,success,Large-cap
PPL,29605220352.0,success,Large-cap
PR,17636036608.0,success,Large-cap
PRCH,789753664.0,success,Small-cap
PRGS,1244264448.0,success,Small-cap
PRI,8652651520.0,success,Mid-cap
PRIM,8813708288.0,success,Mid-cap
PRLO,730.0,success,Small-cap
PRPL,65288976.0,success,Small-cap
PRU,34598158336.0,success,Large-cap
PSA,52632838144.0,success,Large-cap
PSFE,438732224.0,success,Small-cap
PSMT,4800910848.0,success,Mid-cap
PSN,6053640192.0,success,Mid-cap
PSTG,21443608576.0,success,Large-cap
PSX,64734629888.0,success,Large-cap
PTLO,397802368.0,success,Small-cap
PTON,2067876992.0,success,Mid-cap
PUBM,459358528.0,success,Small-cap
PVH,3994307328.0,success,Mid-cap
PWR,88806572032.0,success,Large-cap
PYPL,45637341184.0,success,Large-cap
PZZA,1214996864.0,success,Small-cap
QCOM,142103412736.0,success,Large-cap
QDEL,1190750080.0,success,Small-cap
QLYS,3054052096.0,success,Mid-cap
QQQ,250561953792.0,success,Mega-cap
QRTEA,,no_cap,
QRVO,7526774272.0,success,Mid-cap
QSR,35885359104.0,success,Large-cap
RACE,63424790528.0,success,Large-cap
RANAX,,no_cap,
RB8,,no_cap,
RBA,19287851008.0,success,Large-cap
RBLX,42373533696.0,success,Large-cap
RBRK,10388902912.0,success,Large-cap
RCI,17973295104.0,success,Large-cap
RCL,76989595648.0,success,Large-cap
RDN,4705486336.0,success,Mid-cap
RDNT,4518578176.0,success,Mid-cap
RDWR,1081949952.0,success,Small-cap
REAL,1249319424.0,success,Small-cap
REGN,79705333760.0,success,Large-cap
REI,274307584.0,success,Small-cap
RES,1549258368.0,success,Small-cap
REYN,4560320512.0,success,Mid-cap
RF,24048662528.0,success,Large-cap
RGNX,483137280.0,success,Small-cap
RGR,675241088.0,success,Small-cap
RH,2439454464.0,success,Mid-cap
RIG,6806516224.0,success,Mid-cap
RIO,160274579456.0,success,Large-cap
RIOT,6604372480.0,success,Mid-cap
RIVN,20364642304.0,success,Large-cap
RJF,30759886848.0,success,Large-cap
RKT,43707138048.0,success,Large-cap
RL,22398232576.0,success,Large-cap
RM,359150624.0,success,Small-cap
RMBS,12981287936.0,success,Large-cap
RMD,33397086208.0,success,Large-cap
RNG,3314556672.0,success,Mid-cap
ROK,44680945664.0,success,Large-cap
ROKU,16118279168.0,success,Large-cap
ROST,72500174848.0,success,Large-cap
RPD,379544352.0,success,Small-cap
RPM,13536318464.0,success,Large-cap
RPRX,28870199296.0,success,Large-cap
RRC,9706688512.0,success,Mid-cap
RSG,65149591552.0,success,Large-cap
RTX,267027841024.0,success,Mega-cap
RUN,2837358080.0,success,Mid-cap
RVLV,1787889536.0,success,Small-cap
RXO,2712793600.0,success,Mid-cap
RXRX,1980758656.0,success,Small-cap
RYAAY,32313935872.0,success,Large-cap
RYAN,9613862912.0,success,Mid-cap
RYN,6328888832.0,success,Mid-cap
RYTM,5996109312.0,success,Mid-cap
S,4512066048.0,success,Mid-cap
SAH,2212313856.0,success,Mid-cap
SAIC,4341257216.0,success,Mid-cap
SAM,2554245120.0,success,Mid-cap
SAN,180010106880.0,success,Large-cap
SANM,8426080256.0,success,Mid-cap
SAP,203314479104.0,success,Mega-cap
SARK,,no_cap,
SARO,9061517312.0,success,Mid-cap
SAVA,114972800.0,success,Small-cap
SBAC,22718568448.0,success,Large-cap
SBNY,59825336.0,success,Small-cap
SBSW,9541254144.0,success,Mid-cap
SBUX,112038756352.0,success,Large-cap
SCHW,175694135296.0,success,Large-cap
SDGR,915431232.0,success,Small-cap
SEAT,79881912.0,success,Small-cap
SEDG,2283656960.0,success,Mid-cap
SEM,2031419776.0,success,Mid-cap
SF,12669390848.0,success,Large-cap
SFIX,495576800.0,success,Small-cap
SFL,1446385664.0,success,Small-cap
SG,782865536.0,success,Small-cap
SGENX,,no_cap,
SGHC,5673253888.0,success,Mid-cap
SGMO,113966776.0,success,Small-cap
SHAK,4319201280.0,success,Mid-cap
SHCO,,no_cap,
SHOP,165758779392.0,success,Large-cap
SHW,81478254592.0,success,Large-cap
SHY,17269344256.0,success,Large-cap
SIG,3771041280.0,success,Mid-cap
SIRI,8147883520.0,success,Mid-cap
SITE,6122936832.0,success,Mid-cap
SJM,9974852608.0,success,Mid-cap
SKIN,123939864.0,success,Small-cap
SKLZ,67082388.0,success,Small-cap
SKT,4148421632.0,success,Mid-cap
SKYW,3915002368.0,success,Mid-cap
SLAB,6985348096.0,success,Mid-cap
SLB,78689402880.0,success,Large-cap
SLDP,731933312.0,success,Small-cap
SLG,3160094720.0,success,Mid-cap
SLI,929982912.0,success,Small-cap
SLP,295808256.0,success,Small-cap
SMCI,16387151872.0,success,Large-cap
SMG,3634449152.0,success,Mid-cap
SMP,812534528.0,success,Small-cap
SMTI,183432480.0,success,Small-cap
SN,16314963968.0,success,Large-cap
SNA,19157622784.0,success,Large-cap
SNAP,10201269248.0,success,Large-cap
SNOW,49946734592.0,success,Large-cap
SNPS,83990372352.0,success,Large-cap
SNY,115048726528.0,success,Large-cap
SO,106688053248.0,success,Large-cap
SOFI,23962210304.0,success,Large-cap
SOLV,11988366336.0,success,Large-cap
SONO,1675294976.0,success,Small-cap
SONY,125478854656.0,success,Large-cap
SPCE,230386656.0,success,Small-cap
SPG,76741427200.0,success,Large-cap
SPGI,128657301504.0,success,Large-cap
SPOT,109358514176.0,success,Large-cap
SPTNX,,no_cap,
SPY,642392326144.0,success,Mega-cap
SQM,25027586048.0,success,Large-cap
SRAD,5102206464.0,success,Mid-cap
SRE,62373658624.0,success,Large-cap
SRNE,385896.0,success,Small-cap
SRPT,2281427712.0,success,Mid-cap
SSTI,87309536.0,success,Small-cap
SSTK,632376832.0,success,Small-cap
ST,5648274944.0,success,Mid-cap
STAA,1224450176.0,success,Small-cap
STAG,7504268288.0,success,Mid-cap
STEM,91578968.0,success,Small-cap
STKE,36701924.0,success,Small-cap
STKL,770973184.0,success,Small-cap
STLA,24049111040.0,success,Large-cap
STLD,28123123712.0,success,Large-cap
STM,36155088896.0,success,Large-cap
STNE,3713657600.0,success,Mid-cap
STNG,3728913664.0,success,Mid-cap
STRL,13992868864.0,success,Large-cap
STT,39785668608.0,success,Large-cap
STWD,6902075904.0,success,Mid-cap
STZ,28542689280.0,success,Large-cap
SU,74979164160.0,success,Large-cap
SUN,11917056000.0,success,Large-cap
SW,21704114176.0,success,Large-cap
SWBI,659397248.0,success,Small-cap
SWCH,,no_cap,
SWK,10432142336.0,success,Large-cap
SWKS,8713017344.0,success,Mid-cap
SYK,130689540096.0,success,Large-cap
SYM,35377680384.0,success,Large-cap
SYMCX,,no_cap,
SYNA,3027969024.0,success,Mid-cap
SYY,35483971584.0,success,Large-cap
T,178234687488.0,success,Large-cap
TAK,56391593984.0,success,Large-cap
TALO,2442738688.0,success,Mid-cap
TAP,8342922240.0,success,Mid-cap
TCBI,4560587776.0,success,Mid-cap
TCYSF,341986400.0,success,Small-cap
TDC,2521125888.0,success,Mid-cap
TDG,71986282496.0,success,Large-cap
TDY,29400823808.0,success,Large-cap
TEAM,17407109120.0,success,Large-cap
TECH,9150953472.0,success,Mid-cap
TECK,28551038976.0,success,Large-cap
TEL,68731330560.0,success,Large-cap
TELL,,no_cap,
TER,57137926144.0,success,Large-cap
TEVA,37709996032.0,success,Large-cap
TEX,6669641728.0,success,Mid-cap
TFC,63437824000.0,success,Large-cap
TFPM,7365429248.0,success,Mid-cap
TGB,2745905152.0,success,Mid-cap
TGH,,no_cap,
TGT,55642365952.0,success,Large-cap
TGTX,5525213184.0,success,Mid-cap
THM,680510720.0,success,Small-cap
THO,4025249536.0,success,Mid-cap
THS,,no_cap,
TJX,177930141696.0,success,Large-cap
TK,1091673856.0,success,Small-cap
TKO,15239908352.0,success,Large-cap
TKR,7238076928.0,success,Mid-cap
TLNE,,no_cap,
TLT,9525251072.0,success,Mid-cap
TM,277845704704.0,success,Mega-cap
TMDX,4010922496.0,success,Mid-cap
TME,16639909888.0,success,Large-cap
TMO,197579931648.0,success,Large-cap
TMUS,212728774656.0,success,Mega-cap
TNDM,1415297408.0,success,Small-cap
TOL,13277301760.0,success,Large-cap
TOST,16586240000.0,success,Large-cap
TOYOF,264577712128.0,success,Mega-cap
TPC,4553262592.0,success,Mid-cap
TPH,3980938752.0,success,Mid-cap
TPR,30977832960.0,success,Large-cap
TR5,,no_cap,
TREE,630161408.0,success,Small-cap
TREX,4245944576.0,success,Mid-cap
TRI,41025355776.0,success,Large-cap
TRIP,1342107648.0,success,Small-cap
TRMB,15624144896.0,success,Large-cap
TRN,2673832448.0,success,Mid-cap
TROW,20958986240.0,success,Large-cap
TRTN-PC,,no_cap,
TRUL,212013.0,success,Small-cap
TRUP,1181300608.0,success,Small-cap
TRV,64726487040.0,success,Large-cap
TS,29224022016.0,success,Large-cap
TSCO,23554220032.0,success,Large-cap
TSLA,1470765727744.0,success,Mega-cap
TSM,1945457917952.0,success,Mega-cap
TSN,22314766336.0,success,Large-cap
TT,102567591936.0,success,Large-cap
TTCFQ,,no_cap,
TTD,10652365824.0,success,Large-cap
TTEK,8257167360.0,success,Mid-cap
TTFNF,,no_cap,
TTWO,39655321600.0,success,Large-cap
TVRD,32553268.0,success,Small-cap
TW,26317920256.0,success,Large-cap
TWKS,,no_cap,
TWLO,20326731776.0,success,Large-cap
TWST,3532780288.0,success,Mid-cap
TWTR,,no_cap,
TXMD,24190416.0,success,Small-cap
TXN,196924112896.0,success,Large-cap
TXRH,10747776000.0,success,Large-cap
TXT,15759958016.0,success,Large-cap
TYG,1004689408.0,success,Small-cap
TYL,14512279552.0,success,Large-cap
U,11021696000.0,success,Large-cap
UA,2619223552.0,success,Mid-cap
UAA,2695883776.0,success,Mid-cap
UAL,30604695552.0,success,Large-cap
UAVS,60109120.0,success,Small-cap
UBER,159051202560.0,success,Large-cap
UBSI,6075668480.0,success,Mid-cap
UEC,7265071616.0,success,Mid-cap
UFPI,5283526144.0,success,Mid-cap
UHAL-B,9046261760.0,success,Mid-cap
UL,126861942784.0,success,Large-cap
ULCC,918928512.0,success,Small-cap
ULS,18192652288.0,success,Large-cap
ULTA,23917422592.0,success,Large-cap
UMC,25253609472.0,success,Large-cap
UNFI,2861967360.0,success,Mid-cap
UNH,285055582208.0,success,Mega-cap
UNM,12920176640.0,success,Large-cap
UNP,147250020352.0,success,Large-cap
UP,303050016.0,success,Small-cap
UPS,88000618496.0,success,Large-cap
UPST,3271324416.0,success,Mid-cap
UPWK,1476400128.0,success,Small-cap
URBN,6116103168.0,success,Mid-cap
URI,48211853312.0,success,Large-cap
USB,87581827072.0,success,Large-cap
USFD,19895089152.0,success,Large-cap
USO,14600468480.0,success,Large-cap
UTX,,no_cap,
UTZ,684470656.0,success,Small-cap
UWM,,no_cap,
V,609086996480.0,success,Mega-cap
VALE,75141087232.0,success,Large-cap
VCEL,1801450624.0,success,Small-cap
VEEV,27501084672.0,success,Large-cap
VERU,39002280.0,success,Small-cap
VERX,1951474048.0,success,Small-cap
VFC,7684411392.0,success,Mid-cap
VFF,330112992.0,success,Small-cap
VGK,24832645120.0,success,Large-cap
VIAV,9084345344.0,success,Mid-cap
VICI,30070659072.0,success,Large-cap
VIK,36207591424.0,success,Large-cap
VIR,1671627136.0,success,Small-cap
VIRT,10864522240.0,success,Large-cap
VLO,70271164416.0,success,Large-cap
VLTO,22880899072.0,success,Large-cap
VLY,7298300928.0,success,Mid-cap
VMC,38031536128.0,success,Large-cap
VMW,,no_cap,
VNO,5924293120.0,success,Mid-cap
VNOM,17443895296.0,success,Large-cap
VNT,5154240000.0,success,Mid-cap
VOO,,no_cap,
VRM,78013000.0,success,Small-cap
VRME,12069540.0,success,Small-cap
VRSK,24393641984.0,success,Large-cap
VRT,115223355392.0,success,Large-cap
VRTX,112350691328.0,success,Large-cap
VSCO,3987944960.0,success,Mid-cap
VSH,3233860352.0,success,Mid-cap
VST,55163219968.0,success,Large-cap
VSTM,556045504.0,success,Small-cap
VSTO,,no_cap,
VTI,715931123712.0,success,Mega-cap
VTNR,,no_cap,
VTR,40352559104.0,success,Large-cap
VTS,753743488.0,success,Small-cap
VVV,4212880640.0,success,Mid-cap
VZ,189922312192.0,success,Large-cap
W,10057714688.0,success,Large-cap
WAB,43887714304.0,success,Large-cap
WAT,32021583872.0,success,Large-cap
WBD,68184100864.0,success,Large-cap
WCC,14887139328.0,success,Large-cap
WDAY,32643561472.0,success,Large-cap
WDC,124793241600.0,success,Large-cap
WDFC,2709514240.0,success,Mid-cap
WDS,44827942912.0,success,Large-cap
WEC,37406601216.0,success,Large-cap
WELL,148888436736.0,success,Large-cap
WEN,1314217088.0,success,Small-cap
WES,16487106560.0,success,Large-cap
WEX,5882554880.0,success,Mid-cap
WFC,246888120320.0,success,Mega-cap
WGO,894612160.0,success,Small-cap
WH,6578530304.0,success,Mid-cap
WHR,3592457472.0,success,Mid-cap
WING,5260547072.0,success,Mid-cap
WIX,4091321088.0,success,Mid-cap
WKHS,29677596.0,success,Small-cap
WM,90722312192.0,success,Large-cap
WMB,86529359872.0,success,Large-cap
WMK,1700943488.0,success,Small-cap
WMS,11509072896.0,success,Large-cap
WMT,994636988416.0,success,Mega-cap
WNC,366879200.0,success,Small-cap
WOK,1516249.0,success,Small-cap
WOOF,824631424.0,success,Small-cap
WPM,67182039040.0,success,Large-cap
WRBY,2897114368.0,success,Mid-cap
WRLD,677873408.0,success,Small-cap
WSFS,3642211072.0,success,Mid-cap
WSM,22954625024.0,success,Large-cap
WSO,16911578112.0,success,Large-cap
WTW,27621584896.0,success,Large-cap
WU,2871246080.0,success,Mid-cap
WWE,,no_cap,
WY,17456441344.0,success,Large-cap
XBIT,74999824.0,success,Small-cap
XEL,49090355200.0,success,Large-cap
XLB,3695439616.0,success,Mid-cap
XLE,10395001856.0,success,Large-cap
XLEFF,856572.0,success,Small-cap
XLF,46089322496.0,success,Large-cap
XLI,23387637760.0,success,Large-cap
XLK,40890015744.0,success,Large-cap
XLU,7513869312.0,success,Mid-cap
XLV,29172017152.0,success,Large-cap
XME,2024423168.0,success,Mid-cap
XMTR,2383923456.0,success,Mid-cap
XOM,619368873984.0,success,Mega-cap
XPO,24694493184.0,success,Large-cap
XPOF,361922496.0,success,Small-cap
XRT,1014964736.0,success,Small-cap
XTL,,no_cap,
XYL,30438873088.0,success,Large-cap
XYZ,41302990848.0,success,Large-cap
YELP,1655979392.0,success,Small-cap
YETI,2920260864.0,success,Mid-cap
YEXT,446509344.0,success,Small-cap
YUM,44765097984.0,success,Large-cap
YUMC,17338091520.0,success,Large-cap
Z,10534359040.0,success,Large-cap
ZBH,18430416896.0,success,Large-cap
ZBRA,11296382976.0,success,Large-cap
ZG,10541046784.0,success,Large-cap
ZGN,3084764928.0,success,Mid-cap
ZIM,3217870592.0,success,Mid-cap
ZION,9146924032.0,success,Mid-cap
ZIP,229604384.0,success,Small-cap
ZM,26361868288.0,success,Large-cap
ZS,21065189376.0,success,Large-cap
ZTS,50976145408.0,success,Large-cap
PAAS,25291005952.0,success,Large-cap
PACK,344255584.0,success,Small-cap
PAG,10712525824.0,success,Large-cap
